[{"index":1797,"sender_name":"Colin Firth","timestamp_ms":1289492566000,"type":"Generic","thread_path":622,"thread_type":"Regular","reactions":[],"sticker":null,"ip":null,"photos":0,"users":[],"gifs":0,"videos":0,"content_l":8,"datetime":"2010-11-11T17:22:46.000Z","year":2010,"month":11,"day":11,"hour":17,"minute":22},{"index":1791,"sender_name":"Colin Firth","timestamp_ms":1290522692000,"type":"Generic","thread_path":622,"thread_type":"Regular","reactions":[],"sticker":null,"ip":null,"photos":0,"users":[],"gifs":0,"videos":0,"content_l":84,"datetime":"2010-11-23T15:31:32.000Z","year":2010,"month":11,"day":23,"hour":15,"minute":31},{"index":76,"sender_name":"Ronald Colman","timestamp_ms":1290789430000,"type":"Generic","thread_path":809,"thread_type":"Regular","reactions":[],"sticker":null,"ip":null,"photos":0,"users":[],"gifs":0,"videos":0,"content_l":1626,"datetime":"2010-11-26T17:37:10.000Z","year":2010,"month":11,"day":26,"hour":17,"minute":37},{"index":1,"sender_name":"Barbra Streisand","timestamp_ms":1284905757000,"type":"Generic","thread_path":29,"thread_type":"RegularGroup","reactions":[],"sticker":null,"ip":null,"photos":0,"users":[],"gifs":0,"videos":0,"content_l":1323,"datetime":"2010-09-19T16:15:57.000Z","year":2010,"month":9,"day":19,"hour":16,"minute":15},{"index":19,"sender_name":"Colin Firth","timestamp_ms":1293100456000,"type":"Generic","thread_path":237,"thread_type":"RegularGroup","reactions":[],"sticker":null,"ip":null,"photos":0,"users":[],"gifs":0,"videos":0,"content_l":57,"datetime":"2010-12-23T11:34:16.000Z","year":2010,"month":12,"day":23,"hour":11,"minute":34},{"index":14,"sender_name":"Fiona Armstrong","timestamp_ms":1293314698000,"type":"Generic","thread_path":265,"thread_type":"RegularGroup","reactions":[],"sticker":null,"ip":null,"photos":0,"users":[],"gifs":0,"videos":0,"content_l":57,"datetime":"2010-12-25T23:04:58.000Z","year":2010,"month":12,"day":25,"hour":23,"minute":4},{"index":15,"sender_name":"Rocky Balboa","timestamp_ms":1293314694000,"type":"Generic","thread_path":265,"thread_type":"RegularGroup","reactions":[],"sticker":null,"ip":null,"photos":0,"users":[],"gifs":0,"videos":0,"content_l":21,"datetime":"2010-12-25T23:04:54.000Z","year":2010,"month":12,"day":25,"hour":23,"minute":4},{"index":3,"sender_name":"Jesse Eisenberg","timestamp_ms":1290795747000,"type":"Generic","thread_path":32,"thread_type":"RegularGroup","reactions":[],"sticker":null,"ip":null,"photos":0,"users":[],"gifs":0,"videos":0,"content_l":15,"datetime":"2010-11-26T19:22:27.000Z","year":2010,"month":11,"day":26,"hour":19,"minute":22},{"index":0,"sender_name":"Jesse Eisenberg","timestamp_ms":1290803823000,"type":"Generic","thread_path":32,"thread_type":"RegularGroup","reactions":[],"sticker":null,"ip":null,"photos":0,"users":[],"gifs":0,"videos":0,"content_l":6,"datetime":"2010-11-26T21:37:03.000Z","year":2010,"month":11,"day":26,"hour":21,"minute":37},{"index":0,"sender_name":"James Bond ","timestamp_ms":1293538004000,"type":"Generic","thread_path":457,"thread_type":"RegularGroup","reactions":[],"sticker":null,"ip":null,"photos":0,"users":[],"gifs":0,"videos":0,"content_l":1499,"datetime":"2010-12-28T13:06:44.000Z","year":2010,"month":12,"day":28,"hour":13,"minute":6},{"index":74,"sender_name":"Colin Firth","timestamp_ms":1293473944000,"type":"Generic","thread_path":550,"thread_type":"Regular","reactions":[],"sticker":null,"ip":null,"photos":0,"users":[],"gifs":0,"videos":0,"content_l":30,"datetime":"2010-12-27T19:19:04.000Z","year":2010,"month":12,"day":27,"hour":19,"minute":19},{"index":75,"sender_name":"Ruby Dee","timestamp_ms":1293463076000,"type":"Generic","thread_path":550,"thread_type":"Regular","reactions":[],"sticker":null,"ip":null,"photos":0,"users":[],"gifs":0,"videos":0,"content_l":61,"datetime":"2010-12-27T16:17:56.000Z","year":2010,"month":12,"day":27,"hour":16,"minute":17},{"index":8,"sender_name":"Jesse Eisenberg","timestamp_ms":1293385229000,"type":"Generic","thread_path":265,"thread_type":"RegularGroup","reactions":[],"sticker":null,"ip":null,"photos":0,"users":[],"gifs":0,"videos":0,"content_l":48,"datetime":"2010-12-26T18:40:29.000Z","year":2010,"month":12,"day":26,"hour":18,"minute":40},{"index":6,"sender_name":"Juliette Lewis","timestamp_ms":1293390054000,"type":"Generic","thread_path":265,"thread_type":"RegularGroup","reactions":[],"sticker":null,"ip":null,"photos":0,"users":[],"gifs":0,"videos":0,"content_l":25,"datetime":"2010-12-26T20:00:54.000Z","year":2010,"month":12,"day":26,"hour":20,"minute":0},{"index":12,"sender_name":"Ruby Dee","timestamp_ms":1293214312000,"type":"Generic","thread_path":237,"thread_type":"RegularGroup","reactions":[],"sticker":null,"ip":null,"photos":0,"users":[],"gifs":0,"videos":0,"content_l":45,"datetime":"2010-12-24T19:11:52.000Z","year":2010,"month":12,"day":24,"hour":19,"minute":11},{"index":18,"sender_name":"Juliette Lewis","timestamp_ms":1293101395000,"type":"Generic","thread_path":237,"thread_type":"RegularGroup","reactions":[],"sticker":null,"ip":null,"photos":0,"users":[],"gifs":0,"videos":0,"content_l":38,"datetime":"2010-12-23T11:49:55.000Z","year":2010,"month":12,"day":23,"hour":11,"minute":49},{"index":0,"sender_name":"Jack Torrance","timestamp_ms":1285524443000,"type":"Generic","thread_path":326,"thread_type":"RegularGroup","reactions":[],"sticker":null,"ip":null,"photos":0,"users":[],"gifs":0,"videos":0,"content_l":5,"datetime":"2010-09-26T20:07:23.000Z","year":2010,"month":9,"day":26,"hour":20,"minute":7},{"index":18,"sender_name":"Fiona Armstrong","timestamp_ms":1293314595000,"type":"Generic","thread_path":265,"thread_type":"RegularGroup","reactions":[],"sticker":null,"ip":null,"photos":0,"users":[],"gifs":0,"videos":0,"content_l":6,"datetime":"2010-12-25T23:03:15.000Z","year":2010,"month":12,"day":25,"hour":23,"minute":3},{"index":14,"sender_name":"William H. Macy","timestamp_ms":1290616558000,"type":"Generic","thread_path":32,"thread_type":"RegularGroup","reactions":[],"sticker":null,"ip":null,"photos":0,"users":[],"gifs":0,"videos":0,"content_l":118,"datetime":"2010-11-24T17:35:58.000Z","year":2010,"month":11,"day":24,"hour":17,"minute":35},{"index":1,"sender_name":"James Bond ","timestamp_ms":1290708115000,"type":"Generic","thread_path":804,"thread_type":"RegularGroup","reactions":[],"sticker":null,"ip":null,"photos":0,"users":[],"gifs":0,"videos":0,"content_l":426,"datetime":"2010-11-25T19:01:55.000Z","year":2010,"month":11,"day":25,"hour":19,"minute":1},{"index":21,"sender_name":"Rocky Balboa","timestamp_ms":1293314460000,"type":"Generic","thread_path":265,"thread_type":"RegularGroup","reactions":[],"sticker":null,"ip":null,"photos":0,"users":[],"gifs":0,"videos":0,"content_l":45,"datetime":"2010-12-25T23:01:00.000Z","year":2010,"month":12,"day":25,"hour":23,"minute":1},{"index":4,"sender_name":"Ruby Dee","timestamp_ms":1293286677000,"type":"Generic","thread_path":237,"thread_type":"RegularGroup","reactions":[],"sticker":null,"ip":null,"photos":0,"users":[],"gifs":0,"videos":0,"content_l":29,"datetime":"2010-12-25T15:17:57.000Z","year":2010,"month":12,"day":25,"hour":15,"minute":17},{"index":5,"sender_name":"Barbra Streisand","timestamp_ms":1290711788000,"type":"Generic","thread_path":32,"thread_type":"RegularGroup","reactions":[],"sticker":null,"ip":null,"photos":0,"users":[],"gifs":0,"videos":0,"content_l":21,"datetime":"2010-11-25T20:03:08.000Z","year":2010,"month":11,"day":25,"hour":20,"minute":3},{"index":1563,"sender_name":"Colin Firth","timestamp_ms":1287848654000,"type":"Generic","thread_path":360,"thread_type":"Regular","reactions":[],"sticker":null,"ip":null,"photos":0,"users":[],"gifs":0,"videos":0,"content_l":149,"datetime":"2010-10-23T17:44:14.000Z","year":2010,"month":10,"day":23,"hour":17,"minute":44},{"index":0,"sender_name":"Richard E. Grant","timestamp_ms":1285003398000,"type":"Generic","thread_path":29,"thread_type":"RegularGroup","reactions":[],"sticker":null,"ip":null,"photos":0,"users":[],"gifs":0,"videos":0,"content_l":1316,"datetime":"2010-09-20T19:23:18.000Z","year":2010,"month":9,"day":20,"hour":19,"minute":23},{"index":3,"sender_name":"Jesse Eisenberg","timestamp_ms":1293392764000,"type":"Generic","thread_path":265,"thread_type":"RegularGroup","reactions":[],"sticker":null,"ip":null,"photos":0,"users":[],"gifs":0,"videos":0,"content_l":88,"datetime":"2010-12-26T20:46:04.000Z","year":2010,"month":12,"day":26,"hour":20,"minute":46},{"index":1,"sender_name":"Taraji P. Henson","timestamp_ms":1293534396000,"type":"Generic","thread_path":457,"thread_type":"RegularGroup","reactions":[],"sticker":null,"ip":null,"photos":0,"users":[],"gifs":0,"videos":0,"content_l":1499,"datetime":"2010-12-28T12:06:36.000Z","year":2010,"month":12,"day":28,"hour":12,"minute":6},{"index":5,"sender_name":"Jesse Eisenberg","timestamp_ms":1287584302000,"type":"Generic","thread_path":546,"thread_type":"RegularGroup","reactions":[],"sticker":null,"ip":null,"photos":0,"users":[],"gifs":0,"videos":0,"content_l":31,"datetime":"2010-10-20T16:18:22.000Z","year":2010,"month":10,"day":20,"hour":16,"minute":18},{"index":4,"sender_name":"Juliette Lewis","timestamp_ms":1293392703000,"type":"Generic","thread_path":265,"thread_type":"RegularGroup","reactions":[],"sticker":null,"ip":null,"photos":0,"users":[],"gifs":0,"videos":0,"content_l":151,"datetime":"2010-12-26T20:45:03.000Z","year":2010,"month":12,"day":26,"hour":20,"minute":45},{"index":27,"sender_name":"Juliette Lewis","timestamp_ms":1293036594000,"type":"Generic","thread_path":237,"thread_type":"RegularGroup","reactions":[],"sticker":null,"ip":null,"photos":0,"users":[],"gifs":0,"videos":0,"content_l":27,"datetime":"2010-12-22T17:49:54.000Z","year":2010,"month":12,"day":22,"hour":17,"minute":49},{"index":13,"sender_name":"Jesse Eisenberg","timestamp_ms":1290622702000,"type":"Generic","thread_path":32,"thread_type":"RegularGroup","reactions":[],"sticker":null,"ip":null,"photos":0,"users":[],"gifs":0,"videos":0,"content_l":66,"datetime":"2010-11-24T19:18:22.000Z","year":2010,"month":11,"day":24,"hour":19,"minute":18},{"index":6,"sender_name":"U2","timestamp_ms":1293284288000,"type":"Generic","thread_path":237,"thread_type":"RegularGroup","reactions":[],"sticker":null,"ip":null,"photos":0,"users":[],"gifs":0,"videos":0,"content_l":34,"datetime":"2010-12-25T14:38:08.000Z","year":2010,"month":12,"day":25,"hour":14,"minute":38},{"index":2,"sender_name":"Ruby Dee","timestamp_ms":1293313712000,"type":"Generic","thread_path":237,"thread_type":"RegularGroup","reactions":[],"sticker":null,"ip":null,"photos":0,"users":[],"gifs":0,"videos":0,"content_l":23,"datetime":"2010-12-25T22:48:32.000Z","year":2010,"month":12,"day":25,"hour":22,"minute":48},{"index":23,"sender_name":"Fiona Armstrong","timestamp_ms":1293314253000,"type":"Generic","thread_path":265,"thread_type":"RegularGroup","reactions":[],"sticker":null,"ip":null,"photos":0,"users":[],"gifs":0,"videos":0,"content_l":32,"datetime":"2010-12-25T22:57:33.000Z","year":2010,"month":12,"day":25,"hour":22,"minute":57},{"index":0,"sender_name":"Jesse Eisenberg","timestamp_ms":1290623412000,"type":"Generic","thread_path":302,"thread_type":"RegularGroup","reactions":[],"sticker":null,"ip":null,"photos":0,"users":[],"gifs":0,"videos":0,"content_l":833,"datetime":"2010-11-24T19:30:12.000Z","year":2010,"month":11,"day":24,"hour":19,"minute":30},{"index":6,"sender_name":"Jesse Eisenberg","timestamp_ms":1290706515000,"type":"Generic","thread_path":32,"thread_type":"RegularGroup","reactions":[],"sticker":null,"ip":null,"photos":0,"users":[],"gifs":0,"videos":0,"content_l":41,"datetime":"2010-11-25T18:35:15.000Z","year":2010,"month":11,"day":25,"hour":18,"minute":35},{"index":11,"sender_name":"William H. Macy","timestamp_ms":1290626711000,"type":"Generic","thread_path":32,"thread_type":"RegularGroup","reactions":[],"sticker":null,"ip":null,"photos":0,"users":[],"gifs":0,"videos":0,"content_l":30,"datetime":"2010-11-24T20:25:11.000Z","year":2010,"month":11,"day":24,"hour":20,"minute":25},{"index":1,"sender_name":"Ronald Colman","timestamp_ms":1293545541000,"type":"Generic","thread_path":808,"thread_type":"RegularGroup","reactions":[],"sticker":null,"ip":null,"photos":0,"users":[],"gifs":0,"videos":0,"content_l":1499,"datetime":"2010-12-28T15:12:21.000Z","year":2010,"month":12,"day":28,"hour":15,"minute":12},{"index":0,"sender_name":"Juliette Lewis","timestamp_ms":1284971204000,"type":"Generic","thread_path":358,"thread_type":"RegularGroup","reactions":[],"sticker":null,"ip":null,"photos":0,"users":[],"gifs":0,"videos":0,"content_l":1323,"datetime":"2010-09-20T10:26:44.000Z","year":2010,"month":9,"day":20,"hour":10,"minute":26},{"index":1560,"sender_name":"Juliette Lewis","timestamp_ms":1290005602000,"type":"Generic","thread_path":360,"thread_type":"Regular","reactions":[],"sticker":null,"ip":null,"photos":0,"users":[],"gifs":0,"videos":0,"content_l":81,"datetime":"2010-11-17T15:53:22.000Z","year":2010,"month":11,"day":17,"hour":15,"minute":53},{"index":1799,"sender_name":"The Tramp ","timestamp_ms":1289492135000,"type":"Generic","thread_path":622,"thread_type":"Regular","reactions":[],"sticker":null,"ip":null,"photos":0,"users":[],"gifs":0,"videos":0,"content_l":213,"datetime":"2010-11-11T17:15:35.000Z","year":2010,"month":11,"day":11,"hour":17,"minute":15},{"index":20,"sender_name":"Fiona Armstrong","timestamp_ms":1293314530000,"type":"Generic","thread_path":265,"thread_type":"RegularGroup","reactions":[],"sticker":null,"ip":null,"photos":0,"users":[],"gifs":0,"videos":0,"content_l":21,"datetime":"2010-12-25T23:02:10.000Z","year":2010,"month":12,"day":25,"hour":23,"minute":2},{"index":0,"sender_name":"Colin Firth","timestamp_ms":1290678027000,"type":"Generic","thread_path":813,"thread_type":"RegularGroup","reactions":[],"sticker":null,"ip":null,"photos":0,"users":[],"gifs":0,"videos":0,"content_l":833,"datetime":"2010-11-25T10:40:27.000Z","year":2010,"month":11,"day":25,"hour":10,"minute":40},{"index":0,"sender_name":"Barry Fitzgerald","timestamp_ms":1290708990000,"type":"Generic","thread_path":804,"thread_type":"RegularGroup","reactions":[],"sticker":null,"ip":null,"photos":0,"users":[],"gifs":0,"videos":0,"content_l":426,"datetime":"2010-11-25T19:16:30.000Z","year":2010,"month":11,"day":25,"hour":19,"minute":16},{"index":16,"sender_name":"Barbra Streisand","timestamp_ms":1293108565000,"type":"Generic","thread_path":237,"thread_type":"RegularGroup","reactions":[],"sticker":null,"ip":null,"photos":0,"users":[],"gifs":0,"videos":0,"content_l":108,"datetime":"2010-12-23T13:49:25.000Z","year":2010,"month":12,"day":23,"hour":13,"minute":49},{"index":20,"sender_name":"Juliette Lewis","timestamp_ms":1293099957000,"type":"Generic","thread_path":237,"thread_type":"RegularGroup","reactions":[],"sticker":null,"ip":null,"photos":0,"users":[],"gifs":0,"videos":0,"content_l":9,"datetime":"2010-12-23T11:25:57.000Z","year":2010,"month":12,"day":23,"hour":11,"minute":25},{"index":0,"sender_name":"Ruby Dee","timestamp_ms":1290356556000,"type":"Generic","thread_path":33,"thread_type":"RegularGroup","reactions":[],"sticker":null,"ip":null,"photos":0,"users":[],"gifs":0,"videos":0,"content_l":647,"datetime":"2010-11-21T17:22:36.000Z","year":2010,"month":11,"day":21,"hour":17,"minute":22},{"index":1,"sender_name":"Ruby Dee","timestamp_ms":1290632556000,"type":"Generic","thread_path":545,"thread_type":"RegularGroup","reactions":[],"sticker":null,"ip":null,"photos":0,"users":[],"gifs":0,"videos":0,"content_l":37,"datetime":"2010-11-24T22:02:36.000Z","year":2010,"month":11,"day":24,"hour":22,"minute":2},{"index":5,"sender_name":"Ruby Dee","timestamp_ms":1293286578000,"type":"Generic","thread_path":237,"thread_type":"RegularGroup","reactions":[],"sticker":null,"ip":null,"photos":0,"users":[],"gifs":0,"videos":0,"content_l":80,"datetime":"2010-12-25T15:16:18.000Z","year":2010,"month":12,"day":25,"hour":15,"minute":16},{"index":0,"sender_name":"Juliette Lewis","timestamp_ms":1290535947000,"type":"Generic","thread_path":245,"thread_type":"RegularGroup","reactions":[],"sticker":null,"ip":null,"photos":0,"users":[],"gifs":0,"videos":0,"content_l":651,"datetime":"2010-11-23T19:12:27.000Z","year":2010,"month":11,"day":23,"hour":19,"minute":12},{"index":0,"sender_name":"The Tramp ","timestamp_ms":1290442922000,"type":"Generic","thread_path":680,"thread_type":"RegularGroup","reactions":[],"sticker":null,"ip":null,"photos":0,"users":[],"gifs":0,"videos":0,"content_l":651,"datetime":"2010-11-22T17:22:02.000Z","year":2010,"month":11,"day":22,"hour":17,"minute":22},{"index":25,"sender_name":"Ruby Dee","timestamp_ms":1293314128000,"type":"Generic","thread_path":265,"thread_type":"RegularGroup","reactions":[],"sticker":null,"ip":null,"photos":0,"users":[],"gifs":0,"videos":0,"content_l":33,"datetime":"2010-12-25T22:55:28.000Z","year":2010,"month":12,"day":25,"hour":22,"minute":55},{"index":1803,"sender_name":"Colin Firth","timestamp_ms":1289127182000,"type":"Generic","thread_path":622,"thread_type":"Regular","reactions":[],"sticker":null,"ip":null,"photos":0,"users":[],"gifs":0,"videos":0,"content_l":51,"datetime":"2010-11-07T11:53:02.000Z","year":2010,"month":11,"day":7,"hour":11,"minute":53},{"index":15,"sender_name":"Jesse Eisenberg","timestamp_ms":1290540552000,"type":"Generic","thread_path":32,"thread_type":"RegularGroup","reactions":[],"sticker":null,"ip":null,"photos":0,"users":[],"gifs":0,"videos":0,"content_l":651,"datetime":"2010-11-23T20:29:12.000Z","year":2010,"month":11,"day":23,"hour":20,"minute":29},{"index":24,"sender_name":"U2","timestamp_ms":1293041492000,"type":"Generic","thread_path":237,"thread_type":"RegularGroup","reactions":[],"sticker":null,"ip":null,"photos":0,"users":[],"gifs":0,"videos":0,"content_l":13,"datetime":"2010-12-22T19:11:32.000Z","year":2010,"month":12,"day":22,"hour":19,"minute":11},{"index":0,"sender_name":"Sophia Loren","timestamp_ms":1269556341000,"type":"Generic","thread_path":5,"thread_type":"RegularGroup","reactions":[],"sticker":null,"ip":null,"photos":0,"users":[],"gifs":0,"videos":0,"content_l":533,"datetime":"2010-03-25T23:32:21.000Z","year":2010,"month":3,"day":25,"hour":23,"minute":32},{"index":1801,"sender_name":"Colin Firth","timestamp_ms":1289132090000,"type":"Generic","thread_path":622,"thread_type":"Regular","reactions":[],"sticker":null,"ip":null,"photos":0,"users":[],"gifs":0,"videos":0,"content_l":8,"datetime":"2010-11-07T13:14:50.000Z","year":2010,"month":11,"day":7,"hour":13,"minute":14},{"index":0,"sender_name":"Barbra Streisand","timestamp_ms":1293620625000,"type":"Generic","thread_path":330,"thread_type":"RegularGroup","reactions":[],"sticker":null,"ip":null,"photos":0,"users":[],"gifs":0,"videos":0,"content_l":3,"datetime":"2010-12-29T12:03:45.000Z","year":2010,"month":12,"day":29,"hour":12,"minute":3},{"index":1802,"sender_name":"The Tramp ","timestamp_ms":1289130904000,"type":"Generic","thread_path":622,"thread_type":"Regular","reactions":[],"sticker":null,"ip":null,"photos":0,"users":[],"gifs":0,"videos":0,"content_l":1163,"datetime":"2010-11-07T12:55:04.000Z","year":2010,"month":11,"day":7,"hour":12,"minute":55},{"index":1564,"sender_name":"Juliette Lewis","timestamp_ms":1287842432000,"type":"Generic","thread_path":360,"thread_type":"Regular","reactions":[],"sticker":null,"ip":null,"photos":0,"users":[],"gifs":0,"videos":0,"content_l":433,"datetime":"2010-10-23T16:00:32.000Z","year":2010,"month":10,"day":23,"hour":16,"minute":0},{"index":0,"sender_name":"Hugh Jackman","timestamp_ms":1284989844000,"type":"Generic","thread_path":597,"thread_type":"RegularGroup","reactions":[],"sticker":null,"ip":null,"photos":0,"users":[],"gifs":0,"videos":0,"content_l":1323,"datetime":"2010-09-20T15:37:24.000Z","year":2010,"month":9,"day":20,"hour":15,"minute":37},{"index":9,"sender_name":"William H. Macy","timestamp_ms":1290627507000,"type":"Generic","thread_path":32,"thread_type":"RegularGroup","reactions":[],"sticker":null,"ip":null,"photos":0,"users":[],"gifs":0,"videos":0,"content_l":34,"datetime":"2010-11-24T20:38:27.000Z","year":2010,"month":11,"day":24,"hour":20,"minute":38},{"index":9,"sender_name":"Barbra Streisand","timestamp_ms":1293221492000,"type":"Generic","thread_path":237,"thread_type":"RegularGroup","reactions":[],"sticker":null,"ip":null,"photos":0,"users":[],"gifs":0,"videos":0,"content_l":6,"datetime":"2010-12-24T21:11:32.000Z","year":2010,"month":12,"day":24,"hour":21,"minute":11},{"index":1,"sender_name":"Jesse Eisenberg","timestamp_ms":1287594964000,"type":"Generic","thread_path":546,"thread_type":"RegularGroup","reactions":[],"sticker":null,"ip":null,"photos":0,"users":[],"gifs":0,"videos":0,"content_l":10,"datetime":"2010-10-20T19:16:04.000Z","year":2010,"month":10,"day":20,"hour":19,"minute":16},{"index":13,"sender_name":"Juliette Lewis","timestamp_ms":1293114321000,"type":"Generic","thread_path":237,"thread_type":"RegularGroup","reactions":[],"sticker":null,"ip":null,"photos":0,"users":[],"gifs":0,"videos":0,"content_l":79,"datetime":"2010-12-23T15:25:21.000Z","year":2010,"month":12,"day":23,"hour":15,"minute":25},{"index":1792,"sender_name":"Colin Firth","timestamp_ms":1290334470000,"type":"Generic","thread_path":622,"thread_type":"Regular","reactions":[],"sticker":null,"ip":null,"photos":0,"users":[],"gifs":0,"videos":0,"content_l":1478,"datetime":"2010-11-21T11:14:30.000Z","year":2010,"month":11,"day":21,"hour":11,"minute":14},{"index":1789,"sender_name":"Colin Firth","timestamp_ms":1290530537000,"type":"Generic","thread_path":622,"thread_type":"Regular","reactions":[],"sticker":null,"ip":null,"photos":0,"users":[],"gifs":0,"videos":0,"content_l":822,"datetime":"2010-11-23T17:42:17.000Z","year":2010,"month":11,"day":23,"hour":17,"minute":42},{"index":1800,"sender_name":"Colin Firth","timestamp_ms":1289488005000,"type":"Generic","thread_path":622,"thread_type":"Regular","reactions":[],"sticker":null,"ip":null,"photos":0,"users":[],"gifs":0,"videos":0,"content_l":79,"datetime":"2010-11-11T16:06:45.000Z","year":2010,"month":11,"day":11,"hour":16,"minute":6},{"index":5,"sender_name":"Jesse Eisenberg","timestamp_ms":1293390087000,"type":"Generic","thread_path":265,"thread_type":"RegularGroup","reactions":[],"sticker":null,"ip":null,"photos":0,"users":[],"gifs":0,"videos":0,"content_l":67,"datetime":"2010-12-26T20:01:27.000Z","year":2010,"month":12,"day":26,"hour":20,"minute":1},{"index":4,"sender_name":"Barbra Streisand","timestamp_ms":1293534159000,"type":"Generic","thread_path":330,"thread_type":"RegularGroup","reactions":[],"sticker":null,"ip":null,"photos":0,"users":[],"gifs":0,"videos":0,"content_l":1497,"datetime":"2010-12-28T12:02:39.000Z","year":2010,"month":12,"day":28,"hour":12,"minute":2},{"index":1293,"sender_name":"Colin Firth","timestamp_ms":1281087355000,"type":"Generic","thread_path":538,"thread_type":"Regular","reactions":[],"sticker":null,"ip":null,"photos":0,"users":[],"gifs":0,"videos":0,"content_l":826,"datetime":"2010-08-06T11:35:55.000Z","year":2010,"month":8,"day":6,"hour":11,"minute":35},{"index":72,"sender_name":"Colin Firth","timestamp_ms":1293480130000,"type":"Generic","thread_path":550,"thread_type":"Regular","reactions":[],"sticker":null,"ip":null,"photos":0,"users":[],"gifs":0,"videos":0,"content_l":10,"datetime":"2010-12-27T21:02:10.000Z","year":2010,"month":12,"day":27,"hour":21,"minute":2},{"index":0,"sender_name":"Juliette Lewis","timestamp_ms":1293393030000,"type":"Generic","thread_path":265,"thread_type":"RegularGroup","reactions":[],"sticker":null,"ip":null,"photos":0,"users":[],"gifs":0,"videos":0,"content_l":45,"datetime":"2010-12-26T20:50:30.000Z","year":2010,"month":12,"day":26,"hour":20,"minute":50},{"index":27,"sender_name":"Rocky Balboa","timestamp_ms":1293314004000,"type":"Generic","thread_path":265,"thread_type":"RegularGroup","reactions":[],"sticker":null,"ip":null,"photos":0,"users":[],"gifs":0,"videos":0,"content_l":18,"datetime":"2010-12-25T22:53:24.000Z","year":2010,"month":12,"day":25,"hour":22,"minute":53},{"index":4,"sender_name":"William H. Macy","timestamp_ms":1287590316000,"type":"Generic","thread_path":546,"thread_type":"RegularGroup","reactions":[],"sticker":null,"ip":null,"photos":0,"users":[],"gifs":0,"videos":0,"content_l":9,"datetime":"2010-10-20T17:58:36.000Z","year":2010,"month":10,"day":20,"hour":17,"minute":58},{"index":16,"sender_name":"Colin Firth","timestamp_ms":1290529554000,"type":"Generic","thread_path":32,"thread_type":"RegularGroup","reactions":[],"sticker":null,"ip":null,"photos":0,"users":[],"gifs":0,"videos":0,"content_l":651,"datetime":"2010-11-23T17:25:54.000Z","year":2010,"month":11,"day":23,"hour":17,"minute":25},{"index":2,"sender_name":"Juliette Lewis","timestamp_ms":1290795938000,"type":"Generic","thread_path":32,"thread_type":"RegularGroup","reactions":[],"sticker":null,"ip":null,"photos":0,"users":[],"gifs":0,"videos":0,"content_l":89,"datetime":"2010-11-26T19:25:38.000Z","year":2010,"month":11,"day":26,"hour":19,"minute":25},{"index":1793,"sender_name":"The Tramp ","timestamp_ms":1290092775000,"type":"Generic","thread_path":622,"thread_type":"Regular","reactions":[],"sticker":null,"ip":null,"photos":0,"users":[],"gifs":0,"videos":0,"content_l":84,"datetime":"2010-11-18T16:06:15.000Z","year":2010,"month":11,"day":18,"hour":16,"minute":6},{"index":78,"sender_name":"Colin Firth","timestamp_ms":1290677990000,"type":"Generic","thread_path":809,"thread_type":"Regular","reactions":[],"sticker":null,"ip":null,"photos":0,"users":[],"gifs":0,"videos":0,"content_l":73,"datetime":"2010-11-25T10:39:50.000Z","year":2010,"month":11,"day":25,"hour":10,"minute":39},{"index":0,"sender_name":"Ruby Dee","timestamp_ms":1293314500000,"type":"Generic","thread_path":237,"thread_type":"RegularGroup","reactions":[],"sticker":null,"ip":null,"photos":0,"users":[],"gifs":0,"videos":0,"content_l":6,"datetime":"2010-12-25T23:01:40.000Z","year":2010,"month":12,"day":25,"hour":23,"minute":1},{"index":12,"sender_name":"Barbra Streisand","timestamp_ms":1290626083000,"type":"Generic","thread_path":32,"thread_type":"RegularGroup","reactions":[],"sticker":null,"ip":null,"photos":0,"users":[],"gifs":0,"videos":0,"content_l":64,"datetime":"2010-11-24T20:14:43.000Z","year":2010,"month":11,"day":24,"hour":20,"minute":14},{"index":3460,"sender_name":"Lauren Bacall","timestamp_ms":1292000143000,"type":"Generic","thread_path":513,"thread_type":"Regular","reactions":[],"sticker":null,"ip":null,"photos":0,"users":[],"gifs":0,"videos":0,"content_l":352,"datetime":"2010-12-10T17:55:43.000Z","year":2010,"month":12,"day":10,"hour":17,"minute":55},{"index":13,"sender_name":"Lee Marvin","timestamp_ms":1290366696000,"type":"Generic","thread_path":267,"thread_type":"Regular","reactions":[],"sticker":null,"ip":null,"photos":0,"users":[],"gifs":0,"videos":0,"content_l":647,"datetime":"2010-11-21T20:11:36.000Z","year":2010,"month":11,"day":21,"hour":20,"minute":11},{"index":0,"sender_name":"Ruby Dee","timestamp_ms":1287249339000,"type":"Generic","thread_path":458,"thread_type":"RegularGroup","reactions":[],"sticker":null,"ip":null,"photos":0,"users":[],"gifs":0,"videos":0,"content_l":2213,"datetime":"2010-10-16T19:15:39.000Z","year":2010,"month":10,"day":16,"hour":19,"minute":15},{"index":2,"sender_name":"Gary Cooper","timestamp_ms":1293569585000,"type":"Generic","thread_path":330,"thread_type":"RegularGroup","reactions":[],"sticker":null,"ip":null,"photos":0,"users":[],"gifs":0,"videos":0,"content_l":15,"datetime":"2010-12-28T21:53:05.000Z","year":2010,"month":12,"day":28,"hour":21,"minute":53},{"index":79,"sender_name":"Colin Firth","timestamp_ms":1289132035000,"type":"Generic","thread_path":809,"thread_type":"Regular","reactions":[],"sticker":null,"ip":null,"photos":0,"users":[],"gifs":0,"videos":0,"content_l":8,"datetime":"2010-11-07T13:13:55.000Z","year":2010,"month":11,"day":7,"hour":13,"minute":13},{"index":13,"sender_name":"Jennifer Tilly","timestamp_ms":1293318193000,"type":"Generic","thread_path":265,"thread_type":"RegularGroup","reactions":[],"sticker":null,"ip":null,"photos":0,"users":[],"gifs":0,"videos":0,"content_l":16,"datetime":"2010-12-26T00:03:13.000Z","year":2010,"month":12,"day":26,"hour":0,"minute":3},{"index":8,"sender_name":"Ruby Dee","timestamp_ms":1293221493000,"type":"Generic","thread_path":237,"thread_type":"RegularGroup","reactions":[],"sticker":null,"ip":null,"photos":0,"users":[],"gifs":0,"videos":0,"content_l":137,"datetime":"2010-12-24T21:11:33.000Z","year":2010,"month":12,"day":24,"hour":21,"minute":11},{"index":0,"sender_name":"Colin Firth","timestamp_ms":1286894795000,"type":"Generic","thread_path":331,"thread_type":"RegularGroup","reactions":[],"sticker":null,"ip":null,"photos":0,"users":[],"gifs":0,"videos":0,"content_l":2273,"datetime":"2010-10-12T16:46:35.000Z","year":2010,"month":10,"day":12,"hour":16,"minute":46},{"index":1,"sender_name":"Rooney Mara","timestamp_ms":1285510848000,"type":"Generic","thread_path":326,"thread_type":"RegularGroup","reactions":[],"sticker":null,"ip":null,"photos":0,"users":[],"gifs":0,"videos":0,"content_l":1323,"datetime":"2010-09-26T16:20:48.000Z","year":2010,"month":9,"day":26,"hour":16,"minute":20},{"index":10,"sender_name":"Juliette Lewis","timestamp_ms":1293220647000,"type":"Generic","thread_path":237,"thread_type":"RegularGroup","reactions":[],"sticker":null,"ip":null,"photos":0,"users":[],"gifs":0,"videos":0,"content_l":35,"datetime":"2010-12-24T20:57:27.000Z","year":2010,"month":12,"day":24,"hour":20,"minute":57},{"index":12,"sender_name":"Rocky Balboa","timestamp_ms":1293358560000,"type":"Generic","thread_path":265,"thread_type":"RegularGroup","reactions":[],"sticker":null,"ip":null,"photos":0,"users":[],"gifs":0,"videos":0,"content_l":18,"datetime":"2010-12-26T11:16:00.000Z","year":2010,"month":12,"day":26,"hour":11,"minute":16},{"index":1798,"sender_name":"The Tramp ","timestamp_ms":1289492430000,"type":"Generic","thread_path":622,"thread_type":"Regular","reactions":[],"sticker":null,"ip":null,"photos":0,"users":[],"gifs":0,"videos":0,"content_l":17,"datetime":"2010-11-11T17:20:30.000Z","year":2010,"month":11,"day":11,"hour":17,"minute":20},{"index":29,"sender_name":"Colin Firth","timestamp_ms":1293028036000,"type":"Generic","thread_path":237,"thread_type":"RegularGroup","reactions":[],"sticker":null,"ip":null,"photos":0,"users":[],"gifs":0,"videos":0,"content_l":45,"datetime":"2010-12-22T15:27:16.000Z","year":2010,"month":12,"day":22,"hour":15,"minute":27},{"index":23,"sender_name":"Barbra Streisand","timestamp_ms":1293049396000,"type":"Generic","thread_path":237,"thread_type":"RegularGroup","reactions":[],"sticker":null,"ip":null,"photos":0,"users":[],"gifs":0,"videos":0,"content_l":47,"datetime":"2010-12-22T21:23:16.000Z","year":2010,"month":12,"day":22,"hour":21,"minute":23},{"index":19,"sender_name":"Ruby Dee","timestamp_ms":1293314561000,"type":"Generic","thread_path":265,"thread_type":"RegularGroup","reactions":[],"sticker":null,"ip":null,"photos":0,"users":[],"gifs":0,"videos":0,"content_l":32,"datetime":"2010-12-25T23:02:41.000Z","year":2010,"month":12,"day":25,"hour":23,"minute":2},{"index":17,"sender_name":"Ruby Dee","timestamp_ms":1293314623000,"type":"Generic","thread_path":265,"thread_type":"RegularGroup","reactions":[],"sticker":null,"ip":null,"photos":0,"users":[],"gifs":0,"videos":0,"content_l":30,"datetime":"2010-12-25T23:03:43.000Z","year":2010,"month":12,"day":25,"hour":23,"minute":3},{"index":8,"sender_name":"Barbra Streisand","timestamp_ms":1290627856000,"type":"Generic","thread_path":32,"thread_type":"RegularGroup","reactions":[],"sticker":null,"ip":null,"photos":0,"users":[],"gifs":0,"videos":0,"content_l":14,"datetime":"2010-11-24T20:44:16.000Z","year":2010,"month":11,"day":24,"hour":20,"minute":44},{"index":77,"sender_name":"Ronald Colman","timestamp_ms":1290760292000,"type":"Generic","thread_path":809,"thread_type":"Regular","reactions":[],"sticker":null,"ip":null,"photos":0,"users":[],"gifs":0,"videos":0,"content_l":83,"datetime":"2010-11-26T09:31:32.000Z","year":2010,"month":11,"day":26,"hour":9,"minute":31},{"index":1796,"sender_name":"The Tramp ","timestamp_ms":1289991568000,"type":"Generic","thread_path":622,"thread_type":"Regular","reactions":[],"sticker":null,"ip":null,"photos":0,"users":[],"gifs":0,"videos":0,"content_l":51,"datetime":"2010-11-17T11:59:28.000Z","year":2010,"month":11,"day":17,"hour":11,"minute":59},{"index":1,"sender_name":"Uma Thurman","timestamp_ms":1293610380000,"type":"Generic","thread_path":330,"thread_type":"RegularGroup","reactions":[],"sticker":null,"ip":null,"photos":0,"users":[],"gifs":0,"videos":0,"content_l":5,"datetime":"2010-12-29T09:13:00.000Z","year":2010,"month":12,"day":29,"hour":9,"minute":13},{"index":1,"sender_name":"William H. Macy","timestamp_ms":1290800851000,"type":"Generic","thread_path":32,"thread_type":"RegularGroup","reactions":[],"sticker":null,"ip":null,"photos":0,"users":[],"gifs":0,"videos":0,"content_l":7,"datetime":"2010-11-26T20:47:31.000Z","year":2010,"month":11,"day":26,"hour":20,"minute":47},{"index":28,"sender_name":"U2","timestamp_ms":1293033048000,"type":"Generic","thread_path":237,"thread_type":"RegularGroup","reactions":[],"sticker":null,"ip":null,"photos":0,"users":[],"gifs":0,"videos":0,"content_l":36,"datetime":"2010-12-22T16:50:48.000Z","year":2010,"month":12,"day":22,"hour":16,"minute":50},{"index":29,"sender_name":"Ruby Dee","timestamp_ms":1293313837000,"type":"Generic","thread_path":265,"thread_type":"RegularGroup","reactions":[],"sticker":null,"ip":null,"photos":0,"users":[],"gifs":0,"videos":0,"content_l":338,"datetime":"2010-12-25T22:50:37.000Z","year":2010,"month":12,"day":25,"hour":22,"minute":50},{"index":71,"sender_name":"Ruby Dee","timestamp_ms":1293486364000,"type":"Generic","thread_path":550,"thread_type":"Regular","reactions":[],"sticker":null,"ip":null,"photos":0,"users":[],"gifs":0,"videos":0,"content_l":25,"datetime":"2010-12-27T22:46:04.000Z","year":2010,"month":12,"day":27,"hour":22,"minute":46},{"index":1794,"sender_name":"The Tramp ","timestamp_ms":1290006727000,"type":"Generic","thread_path":622,"thread_type":"Regular","reactions":[],"sticker":null,"ip":null,"photos":0,"users":[],"gifs":0,"videos":0,"content_l":5,"datetime":"2010-11-17T16:12:07.000Z","year":2010,"month":11,"day":17,"hour":16,"minute":12},{"index":2,"sender_name":"Robert Duvall","timestamp_ms":1290707490000,"type":"Generic","thread_path":804,"thread_type":"RegularGroup","reactions":[],"sticker":null,"ip":null,"photos":0,"users":[],"gifs":0,"videos":0,"content_l":0,"datetime":"2010-11-25T18:51:30.000Z","year":2010,"month":11,"day":25,"hour":18,"minute":51},{"index":16,"sender_name":"Ruby Dee","timestamp_ms":1293314643000,"type":"Generic","thread_path":265,"thread_type":"RegularGroup","reactions":[],"sticker":null,"ip":null,"photos":0,"users":[],"gifs":0,"videos":0,"content_l":25,"datetime":"2010-12-25T23:04:03.000Z","year":2010,"month":12,"day":25,"hour":23,"minute":4},{"index":0,"sender_name":"James Bond ","timestamp_ms":1293546754000,"type":"Generic","thread_path":808,"thread_type":"RegularGroup","reactions":[],"sticker":null,"ip":null,"photos":0,"users":[],"gifs":0,"videos":0,"content_l":1499,"datetime":"2010-12-28T15:32:34.000Z","year":2010,"month":12,"day":28,"hour":15,"minute":32},{"index":25,"sender_name":"Juliette Lewis","timestamp_ms":1293038634000,"type":"Generic","thread_path":237,"thread_type":"RegularGroup","reactions":[],"sticker":null,"ip":null,"photos":0,"users":[],"gifs":0,"videos":0,"content_l":61,"datetime":"2010-12-22T18:23:54.000Z","year":2010,"month":12,"day":22,"hour":18,"minute":23},{"index":7,"sender_name":"Ruby Dee","timestamp_ms":1290632618000,"type":"Generic","thread_path":32,"thread_type":"RegularGroup","reactions":[],"sticker":null,"ip":null,"photos":0,"users":[],"gifs":0,"videos":0,"content_l":8,"datetime":"2010-11-24T22:03:38.000Z","year":2010,"month":11,"day":24,"hour":22,"minute":3},{"index":0,"sender_name":"The Tramp ","timestamp_ms":1286900235000,"type":"Generic","thread_path":679,"thread_type":"RegularGroup","reactions":[],"sticker":null,"ip":null,"photos":0,"users":[],"gifs":0,"videos":0,"content_l":2273,"datetime":"2010-10-12T18:17:15.000Z","year":2010,"month":10,"day":12,"hour":18,"minute":17},{"index":6,"sender_name":"Juliette Lewis","timestamp_ms":1287580612000,"type":"Generic","thread_path":546,"thread_type":"RegularGroup","reactions":[],"sticker":null,"ip":null,"photos":0,"users":[],"gifs":0,"videos":0,"content_l":270,"datetime":"2010-10-20T15:16:52.000Z","year":2010,"month":10,"day":20,"hour":15,"minute":16},{"index":15,"sender_name":"Juliette Lewis","timestamp_ms":1293110519000,"type":"Generic","thread_path":237,"thread_type":"RegularGroup","reactions":[],"sticker":null,"ip":null,"photos":0,"users":[],"gifs":0,"videos":0,"content_l":189,"datetime":"2010-12-23T14:21:59.000Z","year":2010,"month":12,"day":23,"hour":14,"minute":21},{"index":1,"sender_name":"Susan Sarandon","timestamp_ms":1293392871000,"type":"Generic","thread_path":265,"thread_type":"RegularGroup","reactions":[],"sticker":null,"ip":null,"photos":0,"users":[],"gifs":0,"videos":0,"content_l":11,"datetime":"2010-12-26T20:47:51.000Z","year":2010,"month":12,"day":26,"hour":20,"minute":47},{"index":22,"sender_name":"Ruby Dee","timestamp_ms":1293314398000,"type":"Generic","thread_path":265,"thread_type":"RegularGroup","reactions":[],"sticker":null,"ip":null,"photos":0,"users":[],"gifs":0,"videos":0,"content_l":59,"datetime":"2010-12-25T22:59:58.000Z","year":2010,"month":12,"day":25,"hour":22,"minute":59},{"index":26,"sender_name":"Fiona Armstrong","timestamp_ms":1293314098000,"type":"Generic","thread_path":265,"thread_type":"RegularGroup","reactions":[],"sticker":null,"ip":null,"photos":0,"users":[],"gifs":0,"videos":0,"content_l":72,"datetime":"2010-12-25T22:54:58.000Z","year":2010,"month":12,"day":25,"hour":22,"minute":54},{"index":0,"sender_name":"Colin Firth","timestamp_ms":1287321679000,"type":"Generic","thread_path":803,"thread_type":"RegularGroup","reactions":[],"sticker":null,"ip":null,"photos":0,"users":[],"gifs":0,"videos":0,"content_l":2213,"datetime":"2010-10-17T15:21:19.000Z","year":2010,"month":10,"day":17,"hour":15,"minute":21},{"index":0,"sender_name":"Juliette Lewis","timestamp_ms":1287595289000,"type":"Generic","thread_path":546,"thread_type":"RegularGroup","reactions":[],"sticker":null,"ip":null,"photos":0,"users":[],"gifs":0,"videos":0,"content_l":2,"datetime":"2010-10-20T19:21:29.000Z","year":2010,"month":10,"day":20,"hour":19,"minute":21},{"index":21,"sender_name":"U2","timestamp_ms":1293099005000,"type":"Generic","thread_path":237,"thread_type":"RegularGroup","reactions":[],"sticker":null,"ip":null,"photos":0,"users":[],"gifs":0,"videos":0,"content_l":14,"datetime":"2010-12-23T11:10:05.000Z","year":2010,"month":12,"day":23,"hour":11,"minute":10},{"index":3,"sender_name":"U2","timestamp_ms":1293291546000,"type":"Generic","thread_path":237,"thread_type":"RegularGroup","reactions":[],"sticker":null,"ip":null,"photos":0,"users":[],"gifs":0,"videos":0,"content_l":49,"datetime":"2010-12-25T16:39:06.000Z","year":2010,"month":12,"day":25,"hour":16,"minute":39},{"index":2,"sender_name":"Jesse Eisenberg","timestamp_ms":1287594955000,"type":"Generic","thread_path":546,"thread_type":"RegularGroup","reactions":[],"sticker":null,"ip":null,"photos":0,"users":[],"gifs":0,"videos":0,"content_l":15,"datetime":"2010-10-20T19:15:55.000Z","year":2010,"month":10,"day":20,"hour":19,"minute":15},{"index":10,"sender_name":"Barbra Streisand","timestamp_ms":1290626755000,"type":"Generic","thread_path":32,"thread_type":"RegularGroup","reactions":[],"sticker":null,"ip":null,"photos":0,"users":[],"gifs":0,"videos":0,"content_l":33,"datetime":"2010-11-24T20:25:55.000Z","year":2010,"month":11,"day":24,"hour":20,"minute":25},{"index":7,"sender_name":"Juliette Lewis","timestamp_ms":1293390024000,"type":"Generic","thread_path":265,"thread_type":"RegularGroup","reactions":[],"sticker":null,"ip":null,"photos":0,"users":[],"gifs":0,"videos":0,"content_l":25,"datetime":"2010-12-26T20:00:24.000Z","year":2010,"month":12,"day":26,"hour":20,"minute":0},{"index":0,"sender_name":"Lee Marvin","timestamp_ms":1290703294000,"type":"Generic","thread_path":545,"thread_type":"RegularGroup","reactions":[],"sticker":null,"ip":null,"photos":0,"users":[],"gifs":0,"videos":0,"content_l":14,"datetime":"2010-11-25T17:41:34.000Z","year":2010,"month":11,"day":25,"hour":17,"minute":41},{"index":73,"sender_name":"Ruby Dee","timestamp_ms":1293477870000,"type":"Generic","thread_path":550,"thread_type":"Regular","reactions":[],"sticker":null,"ip":null,"photos":0,"users":[],"gifs":0,"videos":0,"content_l":103,"datetime":"2010-12-27T20:24:30.000Z","year":2010,"month":12,"day":27,"hour":20,"minute":24},{"index":24,"sender_name":"Rocky Balboa","timestamp_ms":1293314198000,"type":"Generic","thread_path":265,"thread_type":"RegularGroup","reactions":[],"sticker":null,"ip":null,"photos":0,"users":[],"gifs":0,"videos":0,"content_l":52,"datetime":"2010-12-25T22:56:38.000Z","year":2010,"month":12,"day":25,"hour":22,"minute":56},{"index":7,"sender_name":"Colin Firth","timestamp_ms":1293276555000,"type":"Generic","thread_path":237,"thread_type":"RegularGroup","reactions":[],"sticker":null,"ip":null,"photos":0,"users":[],"gifs":0,"videos":0,"content_l":168,"datetime":"2010-12-25T12:29:15.000Z","year":2010,"month":12,"day":25,"hour":12,"minute":29},{"index":9,"sender_name":"Juliette Lewis","timestamp_ms":1293374324000,"type":"Generic","thread_path":265,"thread_type":"RegularGroup","reactions":[],"sticker":null,"ip":null,"photos":0,"users":[],"gifs":0,"videos":0,"content_l":89,"datetime":"2010-12-26T15:38:44.000Z","year":2010,"month":12,"day":26,"hour":15,"minute":38},{"index":26,"sender_name":"Ruby Dee","timestamp_ms":1293037456000,"type":"Generic","thread_path":237,"thread_type":"RegularGroup","reactions":[],"sticker":null,"ip":null,"photos":0,"users":[],"gifs":0,"videos":0,"content_l":50,"datetime":"2010-12-22T18:04:16.000Z","year":2010,"month":12,"day":22,"hour":18,"minute":4},{"index":1795,"sender_name":"Colin Firth","timestamp_ms":1290005620000,"type":"Generic","thread_path":622,"thread_type":"Regular","reactions":[],"sticker":null,"ip":null,"photos":0,"users":[],"gifs":0,"videos":0,"content_l":1142,"datetime":"2010-11-17T15:53:40.000Z","year":2010,"month":11,"day":17,"hour":15,"minute":53},{"index":81,"sender_name":"Colin Firth","timestamp_ms":1288617754000,"type":"Generic","thread_path":809,"thread_type":"Regular","reactions":[],"sticker":null,"ip":null,"photos":0,"users":[],"gifs":0,"videos":0,"content_l":52,"datetime":"2010-11-01T14:22:34.000Z","year":2010,"month":11,"day":1,"hour":14,"minute":22},{"index":1561,"sender_name":"Colin Firth","timestamp_ms":1290004157000,"type":"Generic","thread_path":360,"thread_type":"Regular","reactions":[],"sticker":null,"ip":null,"photos":0,"users":[],"gifs":0,"videos":0,"content_l":881,"datetime":"2010-11-17T15:29:17.000Z","year":2010,"month":11,"day":17,"hour":15,"minute":29},{"index":80,"sender_name":"Ronald Colman","timestamp_ms":1289131850000,"type":"Generic","thread_path":809,"thread_type":"Regular","reactions":[],"sticker":null,"ip":null,"photos":0,"users":[],"gifs":0,"videos":0,"content_l":1468,"datetime":"2010-11-07T13:10:50.000Z","year":2010,"month":11,"day":7,"hour":13,"minute":10},{"index":28,"sender_name":"Fiona Armstrong","timestamp_ms":1293313871000,"type":"Generic","thread_path":265,"thread_type":"RegularGroup","reactions":[],"sticker":null,"ip":null,"photos":0,"users":[],"gifs":0,"videos":0,"content_l":19,"datetime":"2010-12-25T22:51:11.000Z","year":2010,"month":12,"day":25,"hour":22,"minute":51},{"index":0,"sender_name":"Colin Firth","timestamp_ms":1293539948000,"type":"Generic","thread_path":802,"thread_type":"RegularGroup","reactions":[],"sticker":null,"ip":null,"photos":0,"users":[],"gifs":0,"videos":0,"content_l":1499,"datetime":"2010-12-28T13:39:08.000Z","year":2010,"month":12,"day":28,"hour":13,"minute":39},{"index":10,"sender_name":"Barbra Streisand","timestamp_ms":1293368921000,"type":"Generic","thread_path":265,"thread_type":"RegularGroup","reactions":[],"sticker":null,"ip":null,"photos":0,"users":[],"gifs":0,"videos":0,"content_l":94,"datetime":"2010-12-26T14:08:41.000Z","year":2010,"month":12,"day":26,"hour":14,"minute":8},{"index":3461,"sender_name":"Colin Firth","timestamp_ms":1291828918000,"type":"Generic","thread_path":513,"thread_type":"Regular","reactions":[],"sticker":null,"ip":null,"photos":0,"users":[],"gifs":0,"videos":0,"content_l":43,"datetime":"2010-12-08T18:21:58.000Z","year":2010,"month":12,"day":8,"hour":18,"minute":21},{"index":0,"sender_name":"Colin Firth","timestamp_ms":1284969721000,"type":"Generic","thread_path":329,"thread_type":"RegularGroup","reactions":[],"sticker":null,"ip":null,"photos":0,"users":[],"gifs":0,"videos":0,"content_l":1323,"datetime":"2010-09-20T10:02:01.000Z","year":2010,"month":9,"day":20,"hour":10,"minute":2},{"index":1565,"sender_name":"Colin Firth","timestamp_ms":1287828862000,"type":"Generic","thread_path":360,"thread_type":"Regular","reactions":[],"sticker":null,"ip":null,"photos":0,"users":[],"gifs":0,"videos":0,"content_l":72,"datetime":"2010-10-23T12:14:22.000Z","year":2010,"month":10,"day":23,"hour":12,"minute":14},{"index":22,"sender_name":"Juliette Lewis","timestamp_ms":1293098028000,"type":"Generic","thread_path":237,"thread_type":"RegularGroup","reactions":[],"sticker":null,"ip":null,"photos":0,"users":[],"gifs":0,"videos":0,"content_l":14,"datetime":"2010-12-23T10:53:48.000Z","year":2010,"month":12,"day":23,"hour":10,"minute":53},{"index":1559,"sender_name":"Colin Firth","timestamp_ms":1290005656000,"type":"Generic","thread_path":360,"thread_type":"Regular","reactions":[],"sticker":null,"ip":null,"photos":0,"users":[],"gifs":0,"videos":0,"content_l":3,"datetime":"2010-11-17T15:54:16.000Z","year":2010,"month":11,"day":17,"hour":15,"minute":54},{"index":0,"sender_name":"Greer Garson","timestamp_ms":1285508582000,"type":"Generic","thread_path":308,"thread_type":"RegularGroup","reactions":[],"sticker":null,"ip":null,"photos":0,"users":[],"gifs":0,"videos":0,"content_l":1323,"datetime":"2010-09-26T15:43:02.000Z","year":2010,"month":9,"day":26,"hour":15,"minute":43},{"index":3,"sender_name":"Ruby Dee","timestamp_ms":1286824830000,"type":"Generic","thread_path":585,"thread_type":"RegularGroup","reactions":[],"sticker":null,"ip":null,"photos":0,"users":[],"gifs":0,"videos":0,"content_l":2273,"datetime":"2010-10-11T21:20:30.000Z","year":2010,"month":10,"day":11,"hour":21,"minute":20},{"index":1562,"sender_name":"Juliette Lewis","timestamp_ms":1287848720000,"type":"Generic","thread_path":360,"thread_type":"Regular","reactions":[],"sticker":null,"ip":null,"photos":0,"users":[],"gifs":0,"videos":0,"content_l":51,"datetime":"2010-10-23T17:45:20.000Z","year":2010,"month":10,"day":23,"hour":17,"minute":45},{"index":3,"sender_name":"Ruby Dee","timestamp_ms":1293569548000,"type":"Generic","thread_path":330,"thread_type":"RegularGroup","reactions":[],"sticker":null,"ip":null,"photos":0,"users":[],"gifs":0,"videos":0,"content_l":27,"datetime":"2010-12-28T21:52:28.000Z","year":2010,"month":12,"day":28,"hour":21,"minute":52},{"index":11,"sender_name":"Ruby Dee","timestamp_ms":1293214459000,"type":"Generic","thread_path":237,"thread_type":"RegularGroup","reactions":[],"sticker":null,"ip":null,"photos":0,"users":[],"gifs":0,"videos":0,"content_l":332,"datetime":"2010-12-24T19:14:19.000Z","year":2010,"month":12,"day":24,"hour":19,"minute":14},{"index":17,"sender_name":"Colin Firth","timestamp_ms":1293101724000,"type":"Generic","thread_path":237,"thread_type":"RegularGroup","reactions":[],"sticker":null,"ip":null,"photos":0,"users":[],"gifs":0,"videos":0,"content_l":24,"datetime":"2010-12-23T11:55:24.000Z","year":2010,"month":12,"day":23,"hour":11,"minute":55},{"index":11,"sender_name":"Barbra Streisand","timestamp_ms":1293368826000,"type":"Generic","thread_path":265,"thread_type":"RegularGroup","reactions":[],"sticker":null,"ip":null,"photos":0,"users":[],"gifs":0,"videos":0,"content_l":3,"datetime":"2010-12-26T14:07:06.000Z","year":2010,"month":12,"day":26,"hour":14,"minute":7},{"index":2,"sender_name":"Juliette Lewis","timestamp_ms":1290622824000,"type":"Generic","thread_path":545,"thread_type":"RegularGroup","reactions":[],"sticker":null,"ip":null,"photos":0,"users":[],"gifs":0,"videos":0,"content_l":833,"datetime":"2010-11-24T19:20:24.000Z","year":2010,"month":11,"day":24,"hour":19,"minute":20},{"index":1790,"sender_name":"The Tramp ","timestamp_ms":1290523779000,"type":"Generic","thread_path":622,"thread_type":"Regular","reactions":[],"sticker":null,"ip":null,"photos":0,"users":[],"gifs":0,"videos":0,"content_l":73,"datetime":"2010-11-23T15:49:39.000Z","year":2010,"month":11,"day":23,"hour":15,"minute":49},{"index":0,"sender_name":"Richard E. Grant","timestamp_ms":1293628880000,"type":"Generic","thread_path":119,"thread_type":"RegularGroup","reactions":[],"sticker":null,"ip":null,"photos":0,"users":[],"gifs":0,"videos":0,"content_l":1497,"datetime":"2010-12-29T14:21:20.000Z","year":2010,"month":12,"day":29,"hour":14,"minute":21},{"index":3,"sender_name":"Juliette Lewis","timestamp_ms":1287591940000,"type":"Generic","thread_path":546,"thread_type":"RegularGroup","reactions":[],"sticker":null,"ip":null,"photos":0,"users":[],"gifs":0,"videos":0,"content_l":44,"datetime":"2010-10-20T18:25:40.000Z","year":2010,"month":10,"day":20,"hour":18,"minute":25},{"index":1,"sender_name":"Barbra Streisand","timestamp_ms":1293314347000,"type":"Generic","thread_path":237,"thread_type":"RegularGroup","reactions":[],"sticker":null,"ip":null,"photos":0,"users":[],"gifs":0,"videos":0,"content_l":29,"datetime":"2010-12-25T22:59:07.000Z","year":2010,"month":12,"day":25,"hour":22,"minute":59},{"index":4,"sender_name":"Juliette Lewis","timestamp_ms":1290713546000,"type":"Generic","thread_path":32,"thread_type":"RegularGroup","reactions":[],"sticker":null,"ip":null,"photos":0,"users":[],"gifs":0,"videos":0,"content_l":58,"datetime":"2010-11-25T20:32:26.000Z","year":2010,"month":11,"day":25,"hour":20,"minute":32},{"index":14,"sender_name":"Barbra Streisand","timestamp_ms":1293112638000,"type":"Generic","thread_path":237,"thread_type":"RegularGroup","reactions":[],"sticker":null,"ip":null,"photos":0,"users":[],"gifs":0,"videos":0,"content_l":119,"datetime":"2010-12-23T14:57:18.000Z","year":2010,"month":12,"day":23,"hour":14,"minute":57},{"index":2,"sender_name":"Taraji P. Henson","timestamp_ms":1293392780000,"type":"Generic","thread_path":265,"thread_type":"RegularGroup","reactions":[],"sticker":null,"ip":null,"photos":0,"users":[],"gifs":0,"videos":0,"content_l":91,"datetime":"2010-12-26T20:46:20.000Z","year":2010,"month":12,"day":26,"hour":20,"minute":46}]